gene	diplotype	phenotype	drugs	action
CYP2C19	*1/*1	Normal metabolizer	clopidogrel; omeprazole; citalopram	clopidogrel: standard dose (CPIC). No change.
CYP2C19	*1/*2	Intermediate metabolizer	clopidogrel; omeprazole; citalopram	clopidogrel: standard dose acceptable; consider alternative antiplatelet in high-risk PCI (CPIC).
CYP2C19	*1/*3	Intermediate metabolizer	clopidogrel; omeprazole; citalopram	clopidogrel: standard dose acceptable; consider alternative antiplatelet in high-risk PCI (CPIC).
CYP2C19	*2/*2	Poor metabolizer	clopidogrel; omeprazole; citalopram	clopidogrel: alternative antiplatelet (prasugrel/ticagrelor) recommended (CPIC).
CYP2C19	*3/*3	Poor metabolizer	clopidogrel; omeprazole; citalopram	clopidogrel: alternative antiplatelet recommended (CPIC).
CYP2C19	*2/*3	Poor metabolizer	clopidogrel; omeprazole; citalopram	clopidogrel: alternative antiplatelet recommended (CPIC).
CYP2C19	*2/*17	Intermediate metabolizer	clopidogrel; omeprazole; citalopram	clopidogrel: standard dose acceptable; consider alternative in high-risk PCI (CPIC).
CYP2C19	*3/*17	Intermediate metabolizer	clopidogrel; omeprazole; citalopram	clopidogrel: standard dose acceptable; consider alternative in high-risk PCI (CPIC).
CYP2C19	*1/*17	Rapid metabolizer	clopidogrel; omeprazole; citalopram	clopidogrel: standard dose (CPIC). No change.
CYP2C19	*17/*17	Ultrarapid metabolizer	clopidogrel; omeprazole; citalopram	clopidogrel: standard dose (CPIC). No change.
CYP2C9	*1/*1	Normal metabolizer	warfarin; phenytoin; celecoxib	standard dosing.
CYP2C9	*1/*2	Intermediate metabolizer	warfarin; phenytoin; celecoxib	warfarin: start lower dose; lower maintenance dose.
CYP2C9	*1/*3	Intermediate metabolizer	warfarin; phenytoin; celecoxib	warfarin: start lower dose; lower maintenance dose.
CYP2C9	*2/*2	Intermediate metabolizer	warfarin; phenytoin; celecoxib	warfarin: start lower dose; lower maintenance dose.
CYP2C9	*2/*3	Intermediate metabolizer	warfarin; phenytoin; celecoxib	warfarin: start lower dose; lower maintenance dose.
CYP2C9	*3/*3	Poor metabolizer	warfarin; phenytoin; celecoxib	warfarin: markedly lower dose; phenytoin: consider alternative.
VKORC1	GG	Normal warfarin sensitivity	warfarin	standard starting dose.
VKORC1	GA	Intermediate warfarin sensitivity	warfarin	lower starting dose.
VKORC1	AA	Sensitive (low-dose) warfarin response	warfarin	lowest starting dose; combined with CYP2C9 for dosing.
SLCO1B1	*1/*1	Normal (low simvastatin risk)	simvastatin	standard dose.
SLCO1B1	*1/*5	Intermediate simvastatin myopathy risk	simvastatin	max 40mg/day; consider alternative statin.
SLCO1B1	*5/*5	High simvastatin myopathy risk	simvastatin	alternative statin or max 20mg/day.
TPMT	*1/*1	Normal thiopurine activity	azathioprine; mercaptopurine; thioguanine	standard dose.
TPMT	*1/*2	Intermediate thiopurine activity	azathioprine; mercaptopurine; thioguanine	start reduced dose (CPIC).
TPMT	*1/*3A	Intermediate thiopurine activity	azathioprine; mercaptopurine; thioguanine	start reduced dose (CPIC).
TPMT	*1/*3B	Intermediate thiopurine activity	azathioprine; mercaptopurine; thioguanine	start reduced dose (CPIC).
TPMT	*1/*3C	Intermediate thiopurine activity	azathioprine; mercaptopurine; thioguanine	start reduced dose (CPIC).
TPMT	*2/*2	Poor thiopurine activity	azathioprine; mercaptopurine; thioguanine	markedly reduced dose or alternative (CPIC).
TPMT	*2/*3A	Poor thiopurine activity	azathioprine; mercaptopurine; thioguanine	markedly reduced dose or alternative (CPIC).
TPMT	*3A/*3A	Poor thiopurine activity	azathioprine; mercaptopurine; thioguanine	markedly reduced dose or alternative (CPIC).
TPMT	*3A/*3C	Poor thiopurine activity	azathioprine; mercaptopurine; thioguanine	markedly reduced dose or alternative (CPIC).
TPMT	*3B/*3C	Poor thiopurine activity	azathioprine; mercaptopurine; thioguanine	markedly reduced dose or alternative (CPIC).
UGT1A1	*1/*1	Normal UGT1A1 activity	irinotecan	standard dose.
UGT1A1	*1/*6	Intermediate UGT1A1 activity	irinotecan	consider reduced initial dose; monitor toxicity.
UGT1A1	*6/*6	Poor UGT1A1 activity	irinotecan	reduce initial dose; increased neutropenia risk.
